timestamp,temperature,user_activity_level,energy_consumption
2025-04-12 16:59,18.0,0.8641649033604664,135.33231366821477
2025-04-12 17:59,18.0,0.8032006252908988,139.16762131625154
2025-04-12 18:59,18.0,0.8565106099106183,139.93951524703948
2025-04-12 19:59,18.0,0.11421083182133406,126.7310580579691
2025-04-12 20:59,18.0,0.31680097999234513,134.58991056947198
2025-04-12 21:59,18.0,0.2480874236231431,131.46543244992878
2025-04-12 22:59,18.0,0.3678754157531122,142.27345338091334
2025-04-12 23:59,18.006427538714483,0.28796048569695265,128.26832130871546
2025-04-13 00:59,19.94254949568319,0.23381083209870263,135.3855212221053
2025-04-13 01:59,21.37073437476811,0.01746779223184025,134.59391093502558
2025-04-13 02:59,24.993873524423574,0.005215240650617681,136.74736330867646
2025-04-13 03:59,28.663250639988192,0.21940557211154277,145.2113906182988
2025-04-13 04:59,27.849789183201807,0.14261409326870786,145.88972889178297
2025-04-13 05:59,30.207063945740018,0.17209444634078389,145.95845989526998
2025-04-13 06:59,29.738351273693628,0.0,143.11094760361297
2025-04-13 07:59,28.967453685229028,0.06986350073157752,146.2941254308683
2025-04-13 08:59,29.128764262816617,0.9231928636987506,158.78010830667444
2025-04-13 09:59,28.098439573928754,1.0,166.9630484883908
2025-04-13 10:59,24.556728950075605,0.8208383241620062,150.05136530402316
2025-04-13 11:59,24.921900228927086,0.8763887239385966,168.5280109249108
2025-04-13 12:59,19.753396682704707,0.8682471522478158,150.41597121266022
2025-04-13 13:59,18.0,0.7990499093355683,144.14673196464946
2025-04-13 14:59,18.0,0.6855309373769796,138.74447195157077
2025-04-13 15:59,18.0,0.7239916202502118,134.04378230364478
2025-04-13 16:59,18.0,0.8797823531697566,151.05741570290294
2025-04-13 17:59,18.0,0.9222971216053987,145.08736999229444
2025-04-13 18:59,18.0,0.9399511629090567,134.72579371448734
2025-04-13 19:59,18.0,0.2530456005404243,129.50584940084133
2025-04-13 20:59,18.0,0.15831489510759564,126.4646684713463
2025-04-13 21:59,18.0,0.11545290455772272,120.9745365678369
2025-04-13 22:59,18.0,0.1531727797798279,128.42980847700173
2025-04-13 23:59,18.0,0.3182840439861388,129.6912003357853
2025-04-14 00:59,19.736978147561327,0.13967620944721412,131.37743043591666
2025-04-14 01:59,21.39188318257376,0.19650148576913035,138.34640102381118
2025-04-14 02:59,25.47994662669219,0.03639868155434339,138.13905469400035
2025-04-14 03:59,27.634104548608843,0.1925543133972253,154.37026745398958
2025-04-14 04:59,28.071288164392005,0.30829151145362627,147.63650383579403
2025-04-14 05:59,29.876094827686735,0.2850111613646269,151.74924710061123
2025-04-14 06:59,30.805111576607032,0.18686923021045562,145.2684944854211
2025-04-14 07:59,31.02855126613522,0.04083331381193944,146.31550060320075
2025-04-14 08:59,29.593778085753854,0.7321840892438934,157.16304044426857
2025-04-14 09:59,25.829066269278908,0.6641442708597426,153.93816798144502
2025-04-14 10:59,26.530272772437755,0.9497246810035116,160.19481372189452
2025-04-14 11:59,23.086051372043325,0.8494648363396822,146.07078470240816
2025-04-14 12:59,20.41765024794005,0.6914093906429655,145.40659573293303
2025-04-14 13:59,18.0,0.7974140047371904,135.375068720974
2025-04-14 14:59,18.0,0.8726139670109078,149.43610581046954
2025-04-14 15:59,18.0,0.8332601404956501,139.1175644178573
2025-04-14 16:59,18.0,0.8484105024806081,145.65135515222093
2025-04-14 17:59,18.0,0.908416001598723,146.68341463333533
2025-04-14 18:59,18.0,0.9240925492507764,139.38099319612164
2025-04-14 19:59,18.0,0.18262624013039083,128.78525844139133
2025-04-14 20:59,18.0,0.277108236224532,140.88935774435464
2025-04-14 21:59,18.0,0.21687625789208692,128.33061465615015
2025-04-14 22:59,18.0,0.147510250818692,128.78167939133064
2025-04-14 23:59,18.0,0.32277509504876734,130.78375543955744
2025-04-15 00:59,21.145955678659625,0.046302651540622075,135.83665238536162
2025-04-15 01:59,23.094935646540673,0.2347545949984957,141.789171282761
2025-04-15 02:59,23.795063998095447,0.2229023086198593,135.73848756917653
2025-04-15 03:59,25.630442414050233,0.15255836770552417,150.87712552228652
2025-04-15 04:59,28.7466557326311,0.12733689661654662,138.4779628003833
2025-04-15 05:59,28.92904030600621,0.09614778131236074,150.35853948179715
2025-04-15 06:59,32.08732727501125,0.3814226339536979,157.29630436278956
2025-04-15 07:59,29.714384223231704,0.17020263343017994,149.8991454598456
2025-04-15 08:59,29.230087560741122,0.8543387313288269,169.22295674990391
2025-04-15 09:59,25.044285161672825,0.6637346357940254,137.95115687632995
2025-04-15 10:59,25.295924286365803,0.8036551260389999,157.39977600063511
2025-04-15 11:59,22.952239131434784,0.7578443199347296,146.03985646146512
2025-04-15 12:59,20.887050114624806,0.8055213993921893,142.31088538516576
2025-04-15 13:59,18.0,0.998647672770493,147.60222090213367
2025-04-15 14:59,18.0,0.660201480617589,137.42700630931344
2025-04-15 15:59,18.0,0.8515555463292489,134.65370736006508
2025-04-15 16:59,18.0,0.8158280238934996,140.696518767887
2025-04-15 17:59,18.0,0.8362192802997158,150.81616198843042
2025-04-15 18:59,18.0,0.7073125819410117,138.98499342281647
2025-04-15 19:59,18.0,0.31081448112598553,125.14753263369309
2025-04-15 20:59,18.0,0.1188430055577946,128.77677410551775
2025-04-15 21:59,18.0,0.11827584836077347,131.91509878424495
2025-04-15 22:59,18.0,0.2993231512824631,139.57460114498826
2025-04-15 23:59,18.0,0.1779514145885301,126.1374193604527
2025-04-16 00:59,19.126006702943396,0.22066188140674026,143.19570217422466
2025-04-16 01:59,23.09076081442339,0.09957751343155388,146.7946237112524
2025-04-16 02:59,24.30854497551735,0.17099132405318973,138.4241188123769
2025-04-16 03:59,28.106730189680306,0.3161685608356075,151.01304254634468
2025-04-16 04:59,26.685363391267934,0.08599227348173683,138.97867651717888
2025-04-16 05:59,29.065828423714777,0.27753458610163034,154.9774041856086
2025-04-16 06:59,30.92797161408405,0.36798128775427874,140.14919870877074
2025-04-16 07:59,30.22055818529379,0.19952641938185958,146.02125749088563
2025-04-16 08:59,29.68259876617095,0.7198313878321014,160.06502039749716
2025-04-16 09:59,27.630211203713156,0.8565088996123239,160.08041950264834
2025-04-16 10:59,25.103613347330864,0.8948975858508645,154.24197560973445
2025-04-16 11:59,22.695314309279073,0.9644513424091903,145.30552282506406
2025-04-16 12:59,20.928730061830144,0.842716653190749,149.75368562300847
2025-04-16 13:59,18.0,0.844987643831229,144.67255731227826
2025-04-16 14:59,18.0,0.7306720289430205,131.73665893529645
2025-04-16 15:59,18.0,0.847810033581069,145.72969956863727
2025-04-16 16:59,18.0,0.8630568671239376,146.91328603528052
2025-04-16 17:59,18.0,0.7324828077403462,144.33984327706585
2025-04-16 18:59,18.0,0.8434130522243242,146.31298543792747
2025-04-16 19:59,18.0,0.12902113403102378,130.0042819701652
2025-04-16 20:59,18.0,0.1551603396749135,128.47732730490677
2025-04-16 21:59,18.0,0.04405284935191783,119.7090890039058
2025-04-16 22:59,18.0,0.3554909013867719,137.66737344412033
2025-04-16 23:59,18.055849903314773,0.1739158523771221,128.92639403188764
2025-04-17 00:59,18.982517994149006,0.20276589729272443,134.76220762307597
2025-04-17 01:59,22.644644612271435,0.3450135683437004,142.65200144492746
2025-04-17 02:59,24.166367454179888,0.30674466356443414,144.5238203484389
2025-04-17 03:59,26.620605204145498,0.05804837517045516,141.18692265404988
2025-04-17 04:59,29.906672368733947,0.17191160381063578,148.38945378105004
2025-04-17 05:59,28.38832756255459,0.3244341735263093,144.90445153278628
2025-04-17 06:59,31.773585643042455,0.20175742563591106,149.18936626538024
2025-04-17 07:59,29.306752150922012,0.20501495015585672,146.71087802216684
2025-04-17 08:59,28.14109412584647,0.8496774706791678,149.817929107386
2025-04-17 09:59,26.38359265990632,0.87033622232282,161.18425387902386
2025-04-17 10:59,26.028472133990263,0.8465189556969731,160.32068805070065
2025-04-17 11:59,22.527843538994453,1.0,150.29735867279786
2025-04-17 12:59,19.461092912656135,0.8140080440413259,147.63114434917944
2025-04-17 13:59,19.02724215495502,0.924930248632057,135.66930730859022
2025-04-17 14:59,18.0,0.7409224561957827,141.59360010810659
2025-04-17 15:59,18.0,0.744749950755061,134.44907558445527
2025-04-17 16:59,18.0,0.6374506649652903,134.3167092097402
2025-04-17 17:59,18.0,0.8317774044753495,142.40918724561206
2025-04-17 18:59,18.0,0.7882376538660877,151.4065608912036
2025-04-17 19:59,18.0,0.21993697929630782,126.98005546790607
2025-04-17 20:59,18.0,0.13240361423803187,126.09945511848674
2025-04-17 21:59,18.0,0.14028028792841996,125.3522344684262
2025-04-17 22:59,18.0,0.22581380212944777,129.45178177269332
2025-04-17 23:59,18.0,0.12963380306586542,125.02329304094481
2025-04-18 00:59,20.482148609227895,0.21581868611822977,137.61449836727562
2025-04-18 01:59,22.05573616464264,0.18063301214018387,137.58172802389717
2025-04-18 02:59,24.5123470790217,0.30356226445648915,139.83338192571415
2025-04-18 03:59,27.57966479574104,0.04114227407628174,137.44214842141312
2025-04-18 04:59,28.317742578401127,0.3375029937089753,160.13608561069717
2025-04-18 05:59,27.653635903778238,0.19507134170454563,140.8912800388693
2025-04-18 06:59,30.6404080762109,0.33702794039270106,147.7797198041619
2025-04-18 07:59,30.816289430987744,0.15771551596706176,148.68869175136192
2025-04-18 08:59,28.211252952795775,0.8955086463142676,167.5977426220247
2025-04-18 09:59,28.845596099277454,0.7970241645055846,167.88319484711562
2025-04-18 10:59,24.099219723835738,0.7077451131152124,151.81857051055016
2025-04-18 11:59,23.105568626599737,0.9181465695113384,155.11561629240822
2025-04-18 12:59,19.900619756199358,0.7068224940969945,143.84761505523178
2025-04-18 13:59,18.0,0.6672858889682659,139.1180146355383
2025-04-18 14:59,18.0,0.7980972804219142,137.38760409070568
2025-04-18 15:59,18.0,0.5740670754458308,134.06826072295533
2025-04-18 16:59,18.0,0.8752954168458706,158.22578904300772
2025-04-18 17:59,18.0,0.7170405657264408,141.07857570269013
2025-04-18 18:59,18.0,0.8108635241704607,143.3431126176688
2025-04-18 19:59,18.0,0.29844163095113413,137.2445754276157
2025-04-18 20:59,18.0,0.24030218517100652,132.26783137183247
2025-04-18 21:59,18.0,0.40004062810700364,131.91848144025505
2025-04-18 22:59,18.0,0.2218093562819907,134.64688548631656
2025-04-18 23:59,18.0,0.1569993450993286,121.58628476160867
2025-04-19 00:59,21.547681872828257,0.0781202710486034,137.38816708466112
2025-04-19 01:59,22.717518728231905,0.2305393645278412,144.29955004628007
2025-04-19 02:59,24.9010164160036,0.31765312596649464,144.00652746169652
2025-04-19 03:59,25.024178996842988,0.11217878400809456,136.86613530728812
2025-04-19 04:59,28.972106895602792,0.11079613762182179,137.649526336904
2025-04-19 05:59,29.302279758993393,0.34852509002234267,149.39890470577063
2025-04-19 06:59,31.116333616782548,0.2586940233554671,146.19460232044648
2025-04-19 07:59,28.925826700884215,0.05566515981271733,144.75947904139497
2025-04-19 08:59,27.81811249310253,0.87527227362619,156.0404797472476
2025-04-19 09:59,28.648895028133474,0.8581309423196165,151.4880433901456
2025-04-19 10:59,24.813003299475312,0.8004253615531287,147.2383508683495
2025-04-19 11:59,21.35846385104722,0.8164675426523317,145.43329447882192
2025-04-19 12:59,20.079664313349536,0.762995391610719,147.88557386374544
2025-04-19 13:59,18.0,0.849194717068001,147.75779714472202
2025-04-19 14:59,18.0,0.7911506827397791,147.56675006522235
2025-04-19 15:59,18.0,0.9141083913298085,153.16914266016326
2025-04-19 16:59,18.0,0.9393093408331368,142.23492815705296
2025-04-19 17:59,18.0,0.7645263962267796,143.15335266548976
2025-04-19 18:59,18.0,0.8954660433684998,145.55927966904892
2025-04-19 19:59,18.0,0.03735139906628149,132.4710262594377
2025-04-19 20:59,18.0,0.16126087219972754,130.8246631421615
2025-04-19 21:59,18.0,0.08015685979509345,128.92224909190253
2025-04-19 22:59,18.0,0.38344930020676704,143.5156628805558
2025-04-19 23:59,18.670942907664337,0.23167881201862764,124.48627399308714
2025-04-20 00:59,21.241606273475444,0.19352388887656552,125.52723373468879
2025-04-20 01:59,22.43184436180949,0.16645843184206366,139.31647529533575
2025-04-20 02:59,24.13320442920548,0.13310437805825193,133.43075935142144
2025-04-20 03:59,27.597672375267557,0.019347290406765832,134.51575525881452
2025-04-20 04:59,26.33546334662849,0.23522695686314155,147.00955517275878
2025-04-20 05:59,30.656291743370044,0.290005544270184,155.63523606861455
2025-04-20 06:59,29.62114650362101,0.28533760880456877,149.7785975404564
2025-04-20 07:59,29.810035752538003,0.07735002389694733,147.3535921054183
2025-04-20 08:59,30.51034011135932,0.8964245799843066,168.97064222190903
2025-04-20 09:59,26.750822534623413,0.6228039440675163,154.63833531383457
2025-04-20 10:59,26.053396822160153,0.7843009384673104,162.47700954298608
2025-04-20 11:59,20.858239962909614,0.9394968730932123,154.93847945453075
2025-04-20 12:59,19.567938615697496,0.6285826568072497,137.81164231498317
2025-04-20 13:59,18.0,0.8173916444203191,142.4920993317874
2025-04-20 14:59,18.0,0.8184726178078929,140.41368964912007
2025-04-20 15:59,18.0,0.7214910915139927,140.7053000280515
2025-04-20 16:59,18.0,0.8523735872185982,146.2908833745906
2025-04-20 17:59,18.0,0.6648012257321019,140.79536442630243
2025-04-20 18:59,18.0,0.8027674604887186,133.96387117657147
2025-04-20 19:59,18.0,0.49557364870726595,132.6722646213331
2025-04-20 20:59,18.0,0.21982066209248666,129.30597720166028
2025-04-20 21:59,18.0,0.19278629185912555,130.97795365444338
2025-04-20 22:59,18.0,0.16725728692717773,130.15121283963725
2025-04-20 23:59,18.0,0.20481130009292975,138.27028717093506
2025-04-21 00:59,20.44652965523185,0.12190573011248089,126.00946704109457
2025-04-21 01:59,21.55561431059972,0.09609199929601685,132.69746628333957
2025-04-21 02:59,25.44659229844328,0.12517861674132003,140.99340662941555
2025-04-21 03:59,24.608485946322393,0.3624688627934205,140.3226320528644
2025-04-21 04:59,29.16700557834954,0.2688115815632852,156.82839008456935
2025-04-21 05:59,29.720969310367042,0.2648540190658374,143.55403674707787
2025-04-21 06:59,30.371620278069873,0.24048404299419865,153.66224639864532
2025-04-21 07:59,29.56548389286755,0.44063980135597347,161.3635403994797
2025-04-21 08:59,29.327837056481332,0.7902435331660771,165.0765351268661
2025-04-21 09:59,24.47540124962597,0.6217951350950905,154.15474506170887
2025-04-21 10:59,23.37999578150095,0.7137632567790428,151.14629941589052
2025-04-21 11:59,24.46609767743588,0.7684680675274972,164.04470611086435
2025-04-21 12:59,19.200711530528,0.7261194874760722,146.47693204486745
2025-04-21 13:59,18.0,0.7500970206229065,141.4099523877509
2025-04-21 14:59,18.0,0.8181445975541992,148.36400694125584
2025-04-21 15:59,18.0,0.7591099094613634,138.64904934285252
2025-04-21 16:59,18.0,0.9156273460171822,138.03952868088365
2025-04-21 17:59,18.0,0.9057735496448623,142.85722757181247
2025-04-21 18:59,18.0,0.8558659623992173,143.98327472326844
2025-04-21 19:59,18.0,0.20631431767619202,127.16961667738583
2025-04-21 20:59,18.0,0.1932622241643843,131.67827045382202
2025-04-21 21:59,18.0,0.22851238845854666,134.08871668444422
2025-04-21 22:59,18.0,0.13355113376080485,134.86861918561948
2025-04-21 23:59,18.08039126796987,0.31754981204075194,142.57982681051914
2025-04-22 00:59,19.756115146537287,0.4199886981624178,131.03325179952367
2025-04-22 01:59,21.24788323541001,0.17087432533562422,135.72425288313275
2025-04-22 02:59,24.8889299568509,0.14340835618604036,138.67573072978098
2025-04-22 03:59,27.656068885926974,0.3013645839150392,143.50751348493864
2025-04-22 04:59,29.020729725644063,0.19270904705978462,143.92248590433147
2025-04-22 05:59,30.90504147395787,0.42044409480989886,147.0826848340536
2025-04-22 06:59,29.5281000987225,0.23053261683957088,151.14806497708068
2025-04-22 07:59,30.647141757517865,0.2458856747013955,146.04745262386407
2025-04-22 08:59,29.480259599613703,0.6627532841404501,151.79798492525686
2025-04-22 09:59,27.792945685330036,0.9206274903652543,156.12475667891576
2025-04-22 10:59,24.836623776006505,0.9280917635657504,152.9762737935278
2025-04-22 11:59,21.697666914058395,0.8732151005091371,152.1531521628063
2025-04-22 12:59,19.78007692083912,0.7017194133873323,138.55692945959487
2025-04-22 13:59,18.0,0.8025484397214214,146.58633184205615
2025-04-22 14:59,18.0,0.8348568745709148,149.248050262854
2025-04-22 15:59,18.0,0.8929870638620289,147.66460225612389
2025-04-22 16:59,18.0,0.7231448906087776,139.91481215662358
2025-04-22 17:59,18.0,0.7271683808802227,137.70209277544845
2025-04-22 18:59,18.0,0.8285842834239393,140.05651821222506
2025-04-22 19:59,18.0,0.13036261777247793,134.08854769727927
2025-04-22 20:59,18.0,0.3137068524687779,126.3882854736526
2025-04-22 21:59,18.0,0.25885371609912833,135.3558833514597
2025-04-22 22:59,18.0,0.17552507008207102,133.97181100451584
2025-04-22 23:59,18.0,0.11912789271562621,131.25633715033592
2025-04-23 00:59,21.240365985523297,0.22221416321285178,133.30478113437584
2025-04-23 01:59,21.229374742849654,0.30221513627969665,137.85916950042886
2025-04-23 02:59,25.358630211448173,0.22742107688706542,139.60643713563869
2025-04-23 03:59,28.241901531881048,0.3215529531588885,147.04606696686284
2025-04-23 04:59,27.641315787354117,0.13418926680421978,139.36904279925005
2025-04-23 05:59,28.730516036625787,0.026357185975828673,145.5716861370018
2025-04-23 06:59,28.582878297667065,0.083699416363038,149.15204481266545
2025-04-23 07:59,29.391735396627606,0.26090839365333884,162.2500528251833
2025-04-23 08:59,29.20524719839281,0.6710257291537127,163.33464503132706
2025-04-23 09:59,26.810216807306688,0.9300565942272654,161.87013365056484
2025-04-23 10:59,26.576144802056767,0.6131791941471161,152.90865563648416
2025-04-23 11:59,22.51180677348974,0.7669990065326512,155.32799719208927
2025-04-23 12:59,19.194992200667524,0.8038220860229444,141.70584689270768
2025-04-23 13:59,18.0,0.9248235397847049,146.05478926254565
2025-04-23 14:59,18.0,0.8013596587831785,146.39475621091094
2025-04-23 15:59,18.0,0.8334888412664964,151.40188828854224
2025-04-23 16:59,18.0,0.8712674398541109,142.51008202481407
2025-04-23 17:59,18.0,0.9206474295121503,144.32184033001238
2025-04-23 18:59,18.0,0.8523859513142742,154.21649640311892
2025-04-23 19:59,18.0,0.3859879868766372,131.87018149891102
2025-04-23 20:59,18.0,0.295248679430432,136.62247750108122
2025-04-23 21:59,18.0,0.30998389444687785,126.92548734380675
2025-04-23 22:59,18.0,0.2154185307860151,127.05242206827123
2025-04-23 23:59,18.057429465351227,0.0838409856522988,135.58035000881588
2025-04-24 00:59,21.334171224750634,0.06046290212871444,127.4370318378369
2025-04-24 01:59,22.63836622192479,0.20991103639978,131.52366082597314
2025-04-24 02:59,24.767598745795336,0.21031086398129925,140.87294966690126
2025-04-24 03:59,27.288339759710862,0.02425721847566456,144.25179042830925
2025-04-24 04:59,28.270775254273016,0.19454779418402152,148.78922343242994
2025-04-24 05:59,28.308609055109493,0.056552190341425945,133.3387974605463
2025-04-24 06:59,31.129960002074984,0.1634857701967206,153.17426521446492
2025-04-24 07:59,28.746167418228886,0.1210137586708948,144.67604963830416
2025-04-24 08:59,28.815015058076753,0.8574391384251875,154.9096985079801
2025-04-24 09:59,27.087842699156322,0.8170046189877141,154.34795511299268
2025-04-24 10:59,25.2119799393709,0.7588312384163607,151.81246313616273
2025-04-24 11:59,20.869941339189413,0.7589053257425828,146.48329385402806
2025-04-24 12:59,20.480306679080797,0.742647559766632,144.1511588845334
2025-04-24 13:59,18.0,0.8342505003283048,144.05777546034264
2025-04-24 14:59,18.0,0.9970211057286269,157.36153902928424
2025-04-24 15:59,18.0,0.6707140544880841,137.45569638660626
2025-04-24 16:59,18.0,0.8511714472487628,136.9668599253414
2025-04-24 17:59,18.0,0.9286959721726512,143.69458910106405
2025-04-24 18:59,18.0,0.8405785645110845,146.36580566504492
2025-04-24 19:59,18.0,0.16338818276939387,128.97479276269357
2025-04-24 20:59,18.0,0.11578872337956081,124.49844397854746
2025-04-24 21:59,18.0,0.24939896252805752,130.9891247408254
2025-04-24 22:59,18.0,0.10770542620775046,136.9068804514942
2025-04-24 23:59,18.099106483482945,0.24369939736669596,128.69661804785378
2025-04-25 00:59,20.465498308574336,0.24135295810609145,140.83128736557185
2025-04-25 01:59,22.394105716244155,0.28885636261427655,153.49310609480833
2025-04-25 02:59,25.37080407572835,0.4041574008093306,154.34975069129544
2025-04-25 03:59,26.283902534248444,0.16812107652790326,138.00557026995529
2025-04-25 04:59,29.002506515480725,0.19075326325975223,149.6043643276245
2025-04-25 05:59,31.92376898458092,0.24879639226081213,142.0150881336742
2025-04-25 06:59,28.905963501695723,0.4210603005617011,146.0134133180191
2025-04-25 07:59,29.132666250344343,0.17081798724930253,145.17595823046148
2025-04-25 08:59,28.639270423298207,0.8011852305219029,164.16259289964435
2025-04-25 09:59,26.334442261581984,0.9165609522182364,160.9746004330413
2025-04-25 10:59,27.158881359465074,0.6676764734266776,156.93705618198126
2025-04-25 11:59,23.134677558387256,0.7614271284891767,148.49272962681167
2025-04-25 12:59,21.32528685293607,0.7878366235061919,145.3389004285521
2025-04-25 13:59,18.268937618574824,0.7509036359496625,149.63645600947874
2025-04-25 14:59,18.0,0.862640852525016,146.9984939428349
2025-04-25 15:59,18.0,0.8414058959323131,141.8102941749055
2025-04-25 16:59,18.0,0.868521358707328,145.8338317495381
2025-04-25 17:59,18.0,0.7240543142444994,140.6027689790883
2025-04-25 18:59,18.0,0.8568828870430416,143.5586758112505
2025-04-25 19:59,18.0,0.1355058224255754,127.37311873021686
2025-04-25 20:59,18.0,0.1413533027159789,130.83908447222248
2025-04-25 21:59,18.0,0.1798466855413012,129.21376613419343
2025-04-25 22:59,18.0,0.20805528996429373,126.85000242363381
2025-04-25 23:59,18.49995699844137,0.16146580936452193,125.79490168049647
2025-04-26 00:59,19.697625928231197,0.24853227541693595,137.89730728153071
2025-04-26 01:59,22.295261433128893,0.2570615607139777,144.33914294484367
2025-04-26 02:59,26.632292198710772,0.025059700796682932,140.65039549169225
2025-04-26 03:59,27.15598281673625,0.2755142131684956,143.85876795549672
2025-04-26 04:59,27.425844889662613,0.1073422127822955,141.85223421411956
2025-04-26 05:59,30.41022516909462,0.002994380852406192,144.33196159611458
2025-04-26 06:59,29.281863298422373,0.14286988669729908,144.3386466796017
2025-04-26 07:59,30.324170896239952,0.16820667644064632,142.15753706588538
2025-04-26 08:59,29.717020868347728,0.7172603945129185,158.664102631739
2025-04-26 09:59,26.34086381646513,0.6148245895662855,149.84117305285525
2025-04-26 10:59,24.859853110723122,0.8527722904283916,168.01364274930202
2025-04-26 11:59,22.83239195386677,0.9012486842877052,156.29013499788462
2025-04-26 12:59,19.88633405299253,0.7473436385820152,146.81326307712595
2025-04-26 13:59,18.0,0.71534502047891,142.0062652494354
2025-04-26 14:59,18.0,0.7249335211620968,138.63322633602928
2025-04-26 15:59,18.0,0.633746818550938,145.22646699525401
2025-04-26 16:59,18.0,0.6905607453517684,138.22063087365763
2025-04-26 17:59,18.0,0.6233443600430857,139.8839625129295
2025-04-26 18:59,18.0,0.8587375517019913,140.52900209873064
2025-04-26 19:59,18.0,0.1445157633755968,132.68910649871526
2025-04-26 20:59,18.0,0.27028564744206895,126.39760973631773
2025-04-26 21:59,18.0,0.22464439404879427,129.63127578030281
2025-04-26 22:59,18.0,0.32167284258381545,130.51392945410075
2025-04-26 23:59,18.51006505222453,0.36087118630657955,128.94918894190104
2025-04-27 00:59,20.668206567511724,0.18817498590959825,130.78795132047892
2025-04-27 01:59,21.74487257993622,0.18212519766488133,134.54530825851793
2025-04-27 02:59,24.7013905164417,0.2847717556914449,148.61624022384947
2025-04-27 03:59,26.557122224663846,0.4546224941021782,139.67362295091965
2025-04-27 04:59,28.823792856030693,0.06630684179374544,143.99070713991145
2025-04-27 05:59,29.557848483325216,0.16088393456722352,147.22893030567016
2025-04-27 06:59,31.342757574356835,0.22623170290201242,153.69961261246462
2025-04-27 07:59,29.007218829675494,0.3018539561300466,150.3476539818149
2025-04-27 08:59,29.564623061807755,0.8750850173117339,169.7801638007339
2025-04-27 09:59,25.332865632111137,0.8041232143519975,162.21033568836316
2025-04-27 10:59,24.222697356612954,0.7267486814431724,156.35574599073945
2025-04-27 11:59,22.93580504183114,0.7423882208626063,150.56977512712672
2025-04-27 12:59,20.93703955720696,0.6854432462937197,141.32697538609165
2025-04-27 13:59,18.6983205172321,0.5487846479874925,138.0359618889709
2025-04-27 14:59,18.0,0.7671341026100644,144.65398378621313
2025-04-27 15:59,18.0,0.9706441782056381,140.6980305111458
2025-04-27 16:59,18.0,1.0,149.21638329298221
2025-04-27 17:59,18.0,0.852114445991429,141.2703884051598
2025-04-27 18:59,18.0,0.7870642407430263,145.6141524204642
2025-04-27 19:59,18.0,0.23911465951575067,133.3035438998432
2025-04-27 20:59,18.0,0.13494712584541163,134.1986778156954
2025-04-27 21:59,18.0,0.2651588855051363,131.8413653034485
2025-04-27 22:59,18.0,0.2962156005418242,130.14175785418865
2025-04-27 23:59,18.0,0.10097156484115938,125.24593640211202
2025-04-28 00:59,21.551661878640235,0.26661282088967,139.89634591500504
2025-04-28 01:59,22.222607047653693,0.2677668780382882,129.1347983739064
2025-04-28 02:59,25.992971257146298,0.3143505662328974,149.91158087406077
2025-04-28 03:59,27.101247532818366,0.1291989634373728,149.74317189832345
2025-04-28 04:59,29.82743660587155,0.14405165990429714,149.88762376057082
2025-04-28 05:59,29.94060702327546,0.1753027640912568,156.41054916022486
2025-04-28 06:59,30.6677506486643,0.24563806568858973,148.27430222431843
2025-04-28 07:59,30.16141834702114,0.14277171486489862,150.0104984008381
2025-04-28 08:59,29.602866605612373,0.6728638781372908,161.9682520973586
2025-04-28 09:59,26.743436406499992,0.6366478755079811,149.7290208907581
2025-04-28 10:59,24.80631926517581,0.7994268368882307,152.97693992530145
2025-04-28 11:59,24.218064748022066,0.8798740079400861,153.10043702029844
2025-04-28 12:59,20.04482189712461,0.6818521087757569,144.51035193463292
2025-04-28 13:59,18.0,1.0,147.85177452517263
2025-04-28 14:59,18.0,0.8983547484396279,148.84114482459762
2025-04-28 15:59,18.0,1.0,144.15783797194075
2025-04-28 16:59,18.0,0.6885016856605646,139.99915407603038
2025-04-28 17:59,18.0,0.8175534004370854,140.56994455673862
2025-04-28 18:59,18.0,0.7372846229892575,148.9417249448414
2025-04-28 19:59,18.0,0.11571055255511786,134.19089581329007
2025-04-28 20:59,18.0,0.11492472162846747,129.57602115021396
2025-04-28 21:59,18.0,0.06334957417324091,126.92227818859457
2025-04-28 22:59,18.0,0.283135397537451,138.42238124576187
2025-04-28 23:59,18.129215722653328,0.11445093732151768,129.9000071342371
2025-04-29 00:59,18.62508070179649,0.016835226043492607,124.91170444730615
2025-04-29 01:59,21.936208495238592,0.3168917641694438,140.25549062616923
2025-04-29 02:59,23.796704158915784,0.2860780599194009,141.24889576737672
2025-04-29 03:59,26.802509866417445,0.10811379418842955,138.5342218222395
2025-04-29 04:59,29.737871970820404,0.30186020172394573,152.5800275437887
2025-04-29 05:59,28.462332273524982,0.3493913965300356,148.5789958489351
2025-04-29 06:59,31.024526160940876,0.22136673659451395,151.20039846586363
2025-04-29 07:59,30.02013259094705,0.055879884219265374,155.24645739270414
2025-04-29 08:59,27.22843191001955,0.9127464788784712,154.73046706818718
2025-04-29 09:59,27.473696228211754,0.7896587784596535,153.44307556533474
2025-04-29 10:59,24.058523122071673,0.8107255743701618,155.1859693307356
2025-04-29 11:59,23.504793206501372,1.0,166.0754609302511
2025-04-29 12:59,19.786558891238354,0.8225796399566738,144.58589983385426
2025-04-29 13:59,18.0,0.8411202501112182,154.746741020077
2025-04-29 14:59,18.0,0.684665213251536,149.12627315829144
2025-04-29 15:59,18.0,0.984337620526474,152.1100471427049
2025-04-29 16:59,18.0,0.883342936674706,133.78828810472098
2025-04-29 17:59,18.0,0.8565476061384333,137.82449724095326
2025-04-29 18:59,18.0,0.9562191879926379,146.40721494932586
2025-04-29 19:59,18.0,0.1178423138205882,129.64541502389065
2025-04-29 20:59,18.0,0.15550889102857912,123.52792325662296
2025-04-29 21:59,18.0,0.3413374389690379,131.95623061296374
2025-04-29 22:59,18.0,0.13762534284412073,128.65517633637697
2025-04-29 23:59,18.0,0.0,127.97098527022901
2025-04-30 00:59,20.006496353576058,0.17038124141666236,128.17031451773747
2025-04-30 01:59,20.885173403040973,0.1426913978568931,136.0449875726965
2025-04-30 02:59,23.009913045250627,0.21089576180081768,137.51955154443763
2025-04-30 03:59,28.22608905442201,0.15337352195789378,147.14339084045352
2025-04-30 04:59,30.489787625514104,0.2691496394542395,156.56322031943682
2025-04-30 05:59,29.135814501683353,0.2853922381976689,145.07252099259006
2025-04-30 06:59,30.20024577501976,0.0,144.12234805806943
2025-04-30 07:59,30.790187568391843,0.20618733132597447,149.7738309326605
2025-04-30 08:59,27.59752828098082,0.7097086379631119,163.98000569820476
2025-04-30 09:59,27.257813709879443,0.9484667357939137,155.84016423962373
2025-04-30 10:59,26.666488644971146,1.0,159.74180552673238
2025-04-30 11:59,24.532027133438895,0.9309983726455467,152.94416376844973
2025-04-30 12:59,21.471748829637892,0.6583108356572718,146.99915042071615
2025-04-30 13:59,18.0,0.6816513293271858,144.5064165630605
2025-04-30 14:59,18.0,0.6812377224197703,138.0490333717994
2025-04-30 15:59,18.0,0.9439920911078872,151.23926186275455
2025-04-30 16:59,18.0,0.800004310642929,143.4134649274439
2025-04-30 17:59,18.0,0.8131978357855888,137.12327607475518
2025-04-30 18:59,18.0,0.6989214767261009,143.0551058168939
2025-04-30 19:59,18.0,0.21792129553057962,133.36958711458334
2025-04-30 20:59,18.0,0.16438098654879735,132.58892192936025
2025-04-30 21:59,18.0,0.14494094955940615,132.1461991780081
2025-04-30 22:59,18.0,0.12915573403880004,133.43367083289507
2025-04-30 23:59,19.543420366253432,0.36356406419510323,139.89463880800827
2025-05-01 00:59,18.88285333587397,0.19629030421663196,132.69813638699083
2025-05-01 01:59,22.426355592436952,0.2372560681868066,147.33573603328418
2025-05-01 02:59,25.18209495678609,0.3603389653287646,155.04154631394036
2025-05-01 03:59,28.67236061399507,0.2995963378433333,151.07264598521377
2025-05-01 04:59,28.14291782078319,0.281136418493252,160.35018209157226
2025-05-01 05:59,29.65838359102109,0.2132422737539174,142.9281379614781
2025-05-01 06:59,29.485414316924373,0.3013603322583649,144.03764437421574
2025-05-01 07:59,29.3328834098007,0.029857799843371086,144.84557611711276
2025-05-01 08:59,30.300195184485542,0.9803284040699497,158.77258052340673
2025-05-01 09:59,26.244212953249484,0.7065278518397748,161.62545197158406
2025-05-01 10:59,23.64427892200898,0.8564833736251689,150.4532564299921
2025-05-01 11:59,21.902732978530636,0.8620670753816911,149.14362267584582
2025-05-01 12:59,20.180611934368972,1.0,141.07014968704476
2025-05-01 13:59,18.0,0.8271820477565732,154.35699415612035
2025-05-01 14:59,18.0,0.8283234257157454,147.09296014883375
2025-05-01 15:59,18.0,0.8261938265523718,146.35216396347482
2025-05-01 16:59,18.0,0.9504211706482709,147.65200645441854
2025-05-01 17:59,18.0,0.8600234502799556,137.60147773743915
2025-05-01 18:59,18.0,0.9332846500413406,145.25036651308562
2025-05-01 19:59,18.0,0.2895920160989743,130.8776110216276
2025-05-01 20:59,18.0,0.3248667010907242,126.63087066981255
2025-05-01 21:59,18.0,0.15403957466292065,132.23900546802514
2025-05-01 22:59,18.0,0.05610230116870754,125.05126220625766
2025-05-01 23:59,18.0,0.17168777515251987,135.68807061201812
2025-05-02 00:59,18.0,0.22984345598056638,135.56203127171588
2025-05-02 01:59,22.18051549343964,0.23506943499704636,131.83930717925668
2025-05-02 02:59,26.08281790826711,0.28550589177973673,149.13399845939585
2025-05-02 03:59,28.39846524981356,0.061435556410522896,141.03232270718428
2025-05-02 04:59,27.81567736143797,0.3646763400673456,149.16906458356834
2025-05-02 05:59,29.753049990843508,0.2673823117383976,147.2599746962571
2025-05-02 06:59,29.227281478353067,0.24834627309603963,158.6857635812754
2025-05-02 07:59,29.267499263989688,0.181836261651964,147.50575076725195
2025-05-02 08:59,27.99472611111367,0.6207581708584881,147.43987025327675
2025-05-02 09:59,26.527498651710808,0.5996033790429518,149.19391003065456
2025-05-02 10:59,23.677885190579133,0.8723250257356601,157.30433139443394
2025-05-02 11:59,22.575199505433336,0.7062430426710087,151.84667286293325
2025-05-02 12:59,19.602823854633325,0.7233310244437229,151.7074782361919
2025-05-02 13:59,18.0,0.7003756277434856,134.42779686452525
2025-05-02 14:59,18.0,1.0,151.3862148589606
2025-05-02 15:59,18.0,0.7635945294194447,137.9996298259943
2025-05-02 16:59,18.0,0.8025451481307533,139.64531036941517
2025-05-02 17:59,18.0,0.7740837812155735,142.7528915068942
2025-05-02 18:59,18.0,0.7631106916419977,145.87149963788715
2025-05-02 19:59,18.0,0.2989527052172791,135.89310850842273
2025-05-02 20:59,18.0,0.28922626240055793,130.29638061869392
2025-05-02 21:59,18.0,0.2407964138813292,124.12637093667924
2025-05-02 22:59,18.0,0.030541319574727555,120.7545157857474
2025-05-02 23:59,18.834554379561066,0.3448910848032229,128.36166096837
2025-05-03 00:59,18.841551694829644,0.17380102625597119,135.48279342950894
2025-05-03 01:59,23.09700495987255,0.301086116372002,138.2131594571399
2025-05-03 02:59,25.79616621704282,0.17048413313193014,139.22044065144857
2025-05-03 03:59,28.540644398817218,0.23056868914136197,148.69422776299746
2025-05-03 04:59,29.593260956945628,0.09653265602927692,143.4554445565996
2025-05-03 05:59,29.30612509450986,0.09475036859721529,146.44298655907136
2025-05-03 06:59,28.96825159815316,0.22411449299021435,142.375542715053
2025-05-03 07:59,29.846992440556797,0.28410973709270293,152.6096122806729
2025-05-03 08:59,28.071139595048724,0.7341919650787395,151.171195507973
2025-05-03 09:59,26.92901246465967,0.9104787450338451,152.30892580014424
2025-05-03 10:59,22.87312901427961,0.6746143858641147,149.3515073203581
2025-05-03 11:59,22.23899825061305,0.6900462601049868,146.1555955846001
2025-05-03 12:59,20.239060157744543,0.7965451239876912,148.05510811878767
2025-05-03 13:59,18.012853091908354,0.7741559188166472,147.89109333405915
2025-05-03 14:59,18.0,0.7998349622153661,145.9793524663697
2025-05-03 15:59,18.0,0.8227846328332357,140.3867433440539
2025-05-03 16:59,18.0,0.8517765955320367,144.2602185537754
2025-05-03 17:59,18.0,0.858145064096174,141.41175323605466
2025-05-03 18:59,18.0,0.7697630741036647,137.79310743295267
2025-05-03 19:59,18.0,0.12790157220585968,118.80122906267347
2025-05-03 20:59,18.0,0.29171420722675856,135.08017957754927
2025-05-03 21:59,18.0,0.0,118.16442410521816
2025-05-03 22:59,18.0,0.0,120.42767286062976
2025-05-03 23:59,18.0,0.3981434463963667,132.3496387115416
2025-05-04 00:59,20.621207257637185,0.2380312541948399,137.25629719013435
2025-05-04 01:59,23.152161364522772,0.24223343502346004,133.42093817582338
2025-05-04 02:59,25.319595105846297,0.19410176922169206,138.4587360619945
2025-05-04 03:59,26.239676451872587,0.22519183039117718,150.94038862718565
2025-05-04 04:59,29.132287447392937,0.31212673826486886,149.44492680495384
2025-05-04 05:59,27.437808640368246,0.13334728506090338,141.54640156497456
2025-05-04 06:59,29.150684982448674,0.3172437699606974,147.13677461835337
2025-05-04 07:59,28.662616182379512,0.17574402498153446,154.10576791288497
2025-05-04 08:59,27.33154675102649,0.9231749401443244,167.46136180232867
2025-05-04 09:59,27.71542431787346,0.6039643553698084,156.02642598529448
2025-05-04 10:59,25.40796960504934,0.8455506451067623,156.59438344909603
2025-05-04 11:59,22.72409982678498,0.7966658676797982,153.530664091309
2025-05-04 12:59,19.126470687599756,0.8574657119406471,147.82023442101934
2025-05-04 13:59,18.0,0.8425485656771627,137.02178644052495
2025-05-04 14:59,18.0,0.9246887530159057,141.82094213571085
2025-05-04 15:59,18.0,0.8253750977628419,142.8628523442692
2025-05-04 16:59,18.0,0.6766557577753538,145.95466088999254
2025-05-04 17:59,18.0,0.8372758852007085,142.32653954126025
2025-05-04 18:59,18.0,0.9250877848455771,147.4632702718278
2025-05-04 19:59,18.0,0.37434214158149387,133.76741489065998
2025-05-04 20:59,18.0,0.22901976813879352,124.35950427136089
2025-05-04 21:59,18.0,0.1878535999740128,121.59661016405147
2025-05-04 22:59,18.0,0.05396086009647913,128.21447433248937
2025-05-04 23:59,18.0,0.16832566392131623,126.75922154171322
2025-05-05 00:59,19.594730924359638,0.21800830947266786,127.43352421050665
2025-05-05 01:59,22.278633577069332,0.2527877935888416,131.15283393748325
2025-05-05 02:59,26.009926599217998,0.1727738120189403,144.564565830655
2025-05-05 03:59,27.603367007541372,0.06698765677086813,152.34950597935594
2025-05-05 04:59,26.309874361361487,0.24125291552595857,145.94106197865923
2025-05-05 05:59,29.55218343205875,0.06156305922227423,143.39121823114087
2025-05-05 06:59,28.444132302781664,0.26429146730301734,144.2666554199752
2025-05-05 07:59,29.556673611484026,0.21636776598366017,150.46700021733423
2025-05-05 08:59,28.988477895417635,0.717429333329439,150.07809895153582
2025-05-05 09:59,28.205092716971443,0.7429236336741617,153.46417401502137
2025-05-05 10:59,25.94462866359137,0.7037019057443902,158.61396272001136
2025-05-05 11:59,23.694418740368544,0.7298593071454997,165.40953824905583
2025-05-05 12:59,20.599903116570975,1.0,158.27094748095539
2025-05-05 13:59,18.0,0.704241251736226,135.5898951228317
2025-05-05 14:59,18.0,0.6258673310438922,147.48372099485897
2025-05-05 15:59,18.0,0.8454813770657181,151.01294564576062
2025-05-05 16:59,18.0,0.7991766807826284,145.60256763710927
2025-05-05 17:59,18.0,0.7194183064009503,143.5542201884848
2025-05-05 18:59,18.0,0.7915511700937427,140.40139009489891
2025-05-05 19:59,18.0,0.22022576504383007,132.44799405572968
2025-05-05 20:59,18.0,0.13082698368460952,127.00939045451608
2025-05-05 21:59,18.0,0.11584821514212995,124.8418981266559
2025-05-05 22:59,18.0,0.21960548995953189,134.2655253949164
2025-05-05 23:59,18.0,0.016916884245941982,131.75635738060612
2025-05-06 00:59,21.182852988797038,0.16422410572744722,139.61503848240247
2025-05-06 01:59,22.274966872698354,0.17744413264290865,145.1938779124109
2025-05-06 02:59,25.476748054399053,0.19212382574600484,148.42032903813814
2025-05-06 03:59,27.806658450044182,0.0,136.15420582513968
2025-05-06 04:59,29.09822768335637,0.08760469230646893,145.1544731290597
2025-05-06 05:59,30.147806606702446,0.0911061729380291,144.98128638672696
2025-05-06 06:59,31.18260712594257,0.3012828095912339,154.47240960387333
2025-05-06 07:59,31.08353749136361,0.15703415627099587,152.73213237240108
2025-05-06 08:59,27.70015730332576,0.7828683422264514,161.8087224712402
2025-05-06 09:59,27.331178025817024,0.6760270647424753,153.3902182585868
2025-05-06 10:59,24.748929494256807,0.8486526975246437,149.17675257649725
2025-05-06 11:59,22.465358168474665,0.8550500679248728,149.6743535387521
2025-05-06 12:59,19.08955591750244,0.6400873137548383,145.30803411708536
2025-05-06 13:59,18.258266790180535,0.8653921626005661,138.69809877486196
2025-05-06 14:59,18.0,0.7953728091355037,150.22937993940863
2025-05-06 15:59,18.0,0.9070733290779894,146.7416806944049
2025-05-06 16:59,18.0,0.7661278187873335,137.68160981502888
2025-05-06 17:59,18.0,0.8693541909454824,146.3025022594586
2025-05-06 18:59,18.0,0.6892009491182495,137.1889497458838
2025-05-06 19:59,18.0,0.11576157409872093,129.78075158439242
2025-05-06 20:59,18.0,0.1704451319366284,124.94141947942283
2025-05-06 21:59,18.0,0.14689876659966158,126.76180509092906
2025-05-06 22:59,18.0,0.27147640930488626,130.46196063851244
2025-05-06 23:59,18.0,0.3614966408654636,133.92224890058947
2025-05-07 00:59,18.77113570824078,0.11340454505628526,133.12376695273105
2025-05-07 01:59,23.737575894218004,0.06710502703606808,130.34360441112918
2025-05-07 02:59,24.1857956318165,0.2474886844502936,146.81646871932986
2025-05-07 03:59,28.31151677513586,0.22080124557952546,144.87519883349685
2025-05-07 04:59,26.931804094935277,0.29360054563882504,143.83013580723346
2025-05-07 05:59,28.116594409641202,0.17677778006675526,146.37308502956773
2025-05-07 06:59,32.53654864929106,0.17114535890841562,147.04997579640587
2025-05-07 07:59,28.311581125785708,0.20599373408580673,148.04407438044996
2025-05-07 08:59,28.068131216390153,0.744900413558286,162.3337511813258
2025-05-07 09:59,26.3538418600468,0.7426449281766763,154.11126670338479
2025-05-07 10:59,25.249500636654705,0.8702525157128881,158.71569197222968
2025-05-07 11:59,22.517756450345292,0.8285562521923114,153.23718995002736
2025-05-07 12:59,20.345232099095956,0.7672796854712357,145.05834874564493
2025-05-07 13:59,19.054497422342937,0.7823686059187613,149.96627896733764
2025-05-07 14:59,18.0,0.8245454942553002,140.0174361875614
2025-05-07 15:59,18.0,0.7702067731667308,141.27763565577848
2025-05-07 16:59,18.0,0.7166645487924891,146.5682717430879
2025-05-07 17:59,18.0,0.8472563690951442,142.36162850771427
2025-05-07 18:59,18.0,0.9210585216546207,145.12709114473566
2025-05-07 19:59,18.0,0.3671360675418164,140.22981997289364
2025-05-07 20:59,18.0,0.16429797005876035,128.0003149294517
2025-05-07 21:59,18.0,0.20839733850384518,135.0614171820763
2025-05-07 22:59,18.0,0.19890130723054544,134.71524258392236
2025-05-07 23:59,18.0,0.21577078793636692,127.9769488553868
2025-05-08 00:59,18.0,0.22674414269899368,139.4430503124936
2025-05-08 01:59,20.776792027738633,0.3042326679886288,139.7628033252625
2025-05-08 02:59,24.277763519599024,0.18308920589665853,145.1688900528346
2025-05-08 03:59,28.871810735181672,0.05351369728616592,149.22554120074162
2025-05-08 04:59,28.62111664741838,0.05363301556284003,139.21133033677825
2025-05-08 05:59,30.578935690324702,0.1867550697715816,144.89919005865258
2025-05-08 06:59,28.522712935467815,0.12100527688010125,147.13816828056517
2025-05-08 07:59,30.261696344461885,0.13502759009185922,147.50268048899665
2025-05-08 08:59,28.46837271192956,0.7074534508057113,154.43956802607997
2025-05-08 09:59,27.23262441137985,0.9718785594273811,167.4765567004426
2025-05-08 10:59,25.911984729853817,0.7581502581297402,142.944362789681
2025-05-08 11:59,22.796180725419134,0.8485853326627634,144.72574008298534
2025-05-08 12:59,19.68329362100335,0.7581852031875652,145.9540703583259
2025-05-08 13:59,18.87844271113854,0.8436945115176357,139.33078098625884
2025-05-08 14:59,18.0,0.6843913939868533,146.08062159283327
2025-05-08 15:59,18.0,0.608900089873629,144.4189996500702
2025-05-08 16:59,18.0,0.7259713382194051,147.95004806877648
2025-05-08 17:59,18.0,0.8115791242842578,137.453752935645
2025-05-08 18:59,18.0,0.9734973456597069,149.91303276343828
2025-05-08 19:59,18.0,0.3072580945322512,133.0490999710592
2025-05-08 20:59,18.0,0.31815321198633206,135.71485583929163
2025-05-08 21:59,18.0,0.20289955099919368,129.72079665150565
2025-05-08 22:59,18.0,0.27934615833542453,129.7796442098016
2025-05-08 23:59,18.0,0.15040560896317845,135.01530387052873
2025-05-09 00:59,20.958232868716408,0.23361364499803955,135.77528859319744
2025-05-09 01:59,24.947958368212998,0.26284668496155505,141.6613939337821
2025-05-09 02:59,25.903714766644324,0.27100061050188956,144.47498716243408
2025-05-09 03:59,25.846610490965002,0.29771580763465644,152.77512172290747
2025-05-09 04:59,28.71781152102707,0.28016471435128454,154.16072355488254
2025-05-09 05:59,30.172162835738234,0.084544138698459,147.50302148300736
2025-05-09 06:59,29.99948734978058,0.3025339649590035,146.2179713047825
2025-05-09 07:59,29.710620777079406,0.09975359575382466,133.37846174143448
2025-05-09 08:59,28.311698282945397,0.986418802727192,151.62978781053448
2025-05-09 09:59,27.460727264799782,0.8343384014436124,169.43478450335547
2025-05-09 10:59,25.507520973667173,0.8768895047546208,158.31371720415567
2025-05-09 11:59,21.96609733136332,0.6135909333958903,156.24307773424877
2025-05-09 12:59,21.012656930673142,0.7725137323272555,145.2964923033829
2025-05-09 13:59,18.0,0.8748601386218361,152.85895151580456
2025-05-09 14:59,18.0,0.7897132884775269,147.77130518053005
2025-05-09 15:59,18.0,0.6596338522406616,140.11073672175223
2025-05-09 16:59,18.0,0.786783010927382,137.22056069742953
2025-05-09 17:59,18.0,0.6817648492181245,137.0338419012238
2025-05-09 18:59,18.0,0.9771023257667886,146.12591548476107
2025-05-09 19:59,18.0,0.1735771605302339,131.77829000306556
2025-05-09 20:59,18.0,0.2094097194761434,139.7847125275033
2025-05-09 21:59,18.0,0.11875625696025179,128.67883260335495
2025-05-09 22:59,18.0,0.1280424432654635,128.8942564430918
2025-05-09 23:59,18.856745434857896,0.22478659090852313,125.51233425316991
2025-05-10 00:59,21.193022511623752,0.3872117166511516,136.06900913405914
2025-05-10 01:59,22.009815225356185,0.2941933435716021,138.84804113488337
2025-05-10 02:59,26.207002124369023,0.26285376779346886,130.34112700428946
2025-05-10 03:59,27.514839132559217,0.18474548364938528,150.5550394271277
2025-05-10 04:59,29.719158128566672,0.29696668062266374,151.9696249592552
2025-05-10 05:59,31.35463705327238,0.23059993926023797,151.3129916587626
2025-05-10 06:59,29.767038580912665,0.1595418178708401,148.5866113989223
2025-05-10 07:59,29.713863732325574,0.232228454926086,155.84503316217624
2025-05-10 08:59,26.849140775964745,0.8201598740893113,160.7845645950248
2025-05-10 09:59,26.13374358523656,0.8518392554106875,155.8207908563795
2025-05-10 10:59,23.86328019238392,0.7881643554837875,160.18541864273132
2025-05-10 11:59,21.625334269628205,0.9243849637793625,148.18657683861792
2025-05-10 12:59,19.96946690944944,0.8263175065017054,148.5875602850313
2025-05-10 13:59,19.068935640575734,0.7132683590572476,144.86650913766837
2025-05-10 14:59,18.0,0.8886614549391207,146.8833751906107
2025-05-10 15:59,18.0,0.7505114133753825,133.61944067439515
2025-05-10 16:59,18.0,0.7895083455968313,141.86727596999614
2025-05-10 17:59,18.0,0.7170621411588758,135.17793992046185
2025-05-10 18:59,18.0,0.9734435623578908,144.95827514119034
2025-05-10 19:59,18.0,0.2359220490983863,134.3559603853085
2025-05-10 20:59,18.0,0.3347734104507506,133.618225490064
2025-05-10 21:59,18.0,0.16433619320073412,130.85875413564162
2025-05-10 22:59,18.0,0.26693599999326156,138.4910210721091
2025-05-10 23:59,18.0,0.08030397182384491,138.76402416220725
2025-05-11 00:59,20.10813462744137,0.044148776876048734,122.50383723638492
2025-05-11 01:59,23.540729733996216,0.25082539151175726,132.65757457839845
2025-05-11 02:59,24.413684504840123,0.29156364844936505,144.02753952917988
2025-05-11 03:59,25.591308864840247,0.2166701797893273,138.53068463358622
2025-05-11 04:59,28.26521803874791,0.37400193374613516,151.20131488771867
2025-05-11 05:59,29.48850778858793,0.2520427443602695,154.19073184605355
2025-05-11 06:59,28.551502115060615,0.20292849949233052,140.5554670293441
2025-05-11 07:59,29.816736151837564,0.07461051345863981,148.04277459075016
2025-05-11 08:59,28.849695450183493,0.7191468293728275,158.1248117851598
2025-05-11 09:59,26.128266967947035,0.8917297351292284,154.86474089815016
2025-05-11 10:59,23.586149855216483,0.7732311089464006,143.82990938608032
2025-05-11 11:59,22.929640353581348,0.7756939223919398,150.55527888250938
2025-05-11 12:59,20.139981733410117,0.7452563389616164,144.9513283791758
2025-05-11 13:59,18.0,0.7665125815549222,141.86336020477415
2025-05-11 14:59,18.0,0.66345696391093,138.91907218223872
2025-05-11 15:59,18.0,0.6843927954754541,146.03333000172248
2025-05-11 16:59,18.0,0.8386942799614873,144.04981759611522
2025-05-11 17:59,18.0,1.0,151.05226169070963
2025-05-11 18:59,18.0,0.7464463562639936,144.10170346094895
2025-05-11 19:59,18.0,0.219284300933489,121.25910089239999
2025-05-11 20:59,18.0,0.15145430927704967,128.18509916143796
2025-05-11 21:59,18.0,0.16536306520708838,124.80097650147053
2025-05-11 22:59,18.0,0.0,117.0993172597432
2025-05-11 23:59,18.0,0.0,130.24931789864723
2025-05-12 00:59,18.28397094634004,0.171601015614484,137.62550439938818
2025-05-12 01:59,21.988945632679428,0.2714027278136087,126.95451874579206
2025-05-12 02:59,25.655039375619655,0.08676866062497922,140.4049970945142
2025-05-12 03:59,24.6756712841064,0.23968483356351503,127.47625058113506
2025-05-12 04:59,27.025223779574173,0.14640606313425217,146.7144959189013
2025-05-12 05:59,29.567770090619653,0.2508252869797489,145.17958251245503
2025-05-12 06:59,29.223385009474217,0.25433239655967754,150.10811699927325
2025-05-12 07:59,28.831346049354202,0.051613045540784275,131.56108696497785
2025-05-12 08:59,28.562694367901678,0.803030532685356,157.97082146387132
2025-05-12 09:59,27.890280228282766,0.7128593238576543,159.89300972250703
2025-05-12 10:59,23.879807076106992,0.9033321368561815,154.55789276534003
2025-05-12 11:59,21.602184365267398,0.6762760151155326,145.181011628592
2025-05-12 12:59,20.355855689019826,0.7922987253705028,146.01460631940955
2025-05-12 13:59,18.0,0.7490025099129187,152.3138040177337
2025-05-12 14:59,18.0,0.700231230329325,136.0998167286889
2025-05-12 15:59,18.0,0.8370436440226379,153.37588950016502
